{
    "stencilstar,width=0": {
        "dof=1": [
            {
                "mesh_size": [
                    400,
                    400,
                    400
                ],
                "lower": [
                    1.0,
                    0.281039,
                    18.184,
                    154.649
                ]
            }
        ],
        "dof=2": [
            {
                "mesh_size": [
                    288,
                    288,
                    288
                ],
                "lower": [
                    2.0,
                    0.279215,
                    23.8837,
                    177.524
                ]
            }
        ],
        "dof=4": [
            {
                "mesh_size": [
                    256,
                    256,
                    256
                ],
                "lower": [
                    4.0,
                    0.461644,
                    37.6597,
                    255.032
                ]
            }
        ],
        "dof=6": [
            {
                "mesh_size": [
                    192,
                    192,
                    192
                ],
                "lower": [
                    6.0,
                    0.542817,
                    29.5826,
                    193.143
                ]
            }
        ],
        "dof=8": [
            {
                "mesh_size": [
                    160,
                    160,
                    160
                ],
                "lower": [
                    8.0,
                    0.409352,
                    39.7841,
                    254.714
                ]
            }
        ]
    },
    
    "stencilstar,width=1": {
        "dof=1": [
            {
                "mesh_size": [
                    384,
                    384,
                    384
                ],
                "lower": [
                    1.0,
                    0.303586,
                    26.0246,
                    193.45
                ]
            }
        ],
        "dof=2": [
            {
                "mesh_size": [
                    272,
                    272,
                    272
                ],
                "lower": [
                    2.0,
                    0.26594,
                    39.148,
                    265.156
                ]
            }
        ],
        "dof=4": [
            {
                "mesh_size": [
                    160,
                    160,
                    160
                ],
                "lower": [
                    4.0,
                    0.233343,
                    34.7912,
                    222.79
                ]
            }
        ],
        "dof=6": [
            {
                "mesh_size": [
                    128,
                    128,
                    128
                ],
                "lower": [
                    6.0,
                    0.239282,
                    38.47,
                    241.337
                ]
            }
        ],
        "dof=8": [
            {
                "mesh_size": [
                    96,
                    96,
                    96
                ],
                "lower": [
                    8.0,
                    0.133598,
                    51.1247,
                    317.344
                ]
            }
        ]
    },
    "stencilbox,width=0": {
        "dof=1": [
            {
                "mesh_size": [
                    400,
                    400,
                    400
                ],
                "lower": [
                    1.0,
                    0.542777,
                    32.8565,
                    220.721
                ]
            }
        ],
        "dof=2": [
            {
                "mesh_size": [
                    256,
                    256,
                    256
                ],
                "lower": [
                    2.0,
                    0.583765,
                    30.797,
                    196.278
                ]
            }
        ],
        "dof=4": [
            {
                "mesh_size": [
                    160,
                    160,
                    160
                ],
                "lower": [
                    4.0,
                    0.355781,
                    48.1947,
                    298.379
                ]
            }
        ],
        "dof=6": [
            {
                "mesh_size": [
                    128,
                    128,
                    128
                ],
                "lower": [
                    6.0,
                    0.312429,
                    62.6195,
                    383.772
                ]
            }
        ],
        "dof=8": [
            {
                "mesh_size": [
                    104,
                    104,
                    104
                ],
                "lower": [
                    8.0,
                    0.191165,
                    96.9126,
                    590.891
                ]
            }
        ]
    },
    
    "stencilstarfill1,width=0": {
        "dof=1": [
            {
                "mesh_size": [
                    400,
                    400,
                    400
                ],
                "lower": [
                    1.0,
                    0.380935,
                    23.4455,
                    174.275
                ]
            }
        ],
        "dof=2": [
            {
                "mesh_size": [
                    304,
                    304,
                    304
                ],
                "lower": [
                    2.0,
                    0.442084,
                    32.8957,
                    222.794
                ]
            }
        ],
        "dof=4": [
            {
                "mesh_size": [
                    208,
                    208,
                    208
                ],
                "lower": [
                    4.0,
                    0.619191,
                    28.8658,
                    184.821
                ]
            }
        ],
        "dof=6": [
            {
                "mesh_size": [
                    160,
                    160,
                    160
                ],
                "lower": [
                    6.0,
                    0.539442,
                    33.4062,
                    209.549
                ]
            }
        ],
        "dof=8": [
            {
                "mesh_size": [
                    128,
                    128,
                    128
                ],
                "lower": [
                    8.0,
                    0.319203,
                    50.9188,
                    316.024
                ]
            }
        ]
    },
    
    "stencildiamond,width=1": {
        "dof=1": [
            {
                "mesh_size": [
                    400,
                    400,
                    400
                ],
                "lower": [
                    1.0,
                    0.514952,
                    32.1833,
                    217.956
                ]
            }
        ],
        "dof=2": [
            {
                "mesh_size": [
                    256,
                    256,
                    256
                ],
                "lower": [
                    2.0,
                    0.509836,
                    32.6914,
                    209.311
                ]
            }
        ],
        "dof=4": [
            {
                "mesh_size": [
                    160,
                    160,
                    160
                ],
                "lower": [
                    4.0,
                    0.359118,
                    44.2322,
                    274.518
                ]
            }
        ],