{
    "stencilstar,width=0": {
        "dof=1": [
            {
                "mesh_size": [
                    400,
                    400,
                    400
                ],
                "lower": [
                    1.0,
                    0.259294,
                    19.7089,
                    167.618
                ]
            }
        ],
        "dof=2": [
            {
                "mesh_size": [
                    288,
                    288,
                    288
                ],
                "lower": [
                    2.0,
                    0.274408,
                    24.3021,
                    180.634
                ]
            }
        ],
        "dof=3": [
            {
                "mesh_size": [
                    256,
                    256,
                    256
                ],
                "lower": [
                    3.0,
                    0.330835,
                    30.3201,
                    212.347
                ]
            }
        ],
        "dof=4": [
            {
                "mesh_size": [
                    208,
                    208,
                    208
                ],
                "lower": [
                    4.0,
                    0.229888,
                    40.5299,
                    274.495
                ]
            }
        ],
        "dof=6": [
            {
                "mesh_size": [
                    160,
                    160,
                    160
                ],
                "lower": [
                    6.0,
                    0.329863,
                    28.1438,
                    183.763
                ]
            }
        ],
        "dof=8": [
            {
                "mesh_size": [
                    128,
                    128,
                    128
                ],
                "lower": [
                    8.0,
                    0.228843,
                    36.3817,
                    232.953
                ]
            }
        ]
    },
    "stencilstar,width=1": {
        "dof=1": [
            {
                "mesh_size": [
                    384,
                    384,
                    384
                ],
                "lower": [
                    1.0,
                    0.304405,
                    25.9545,
                    192.93
                ]
            }
        ],
        "dof=2": [
            {
                "mesh_size": [
                    272,
                    272,
                    272
                ],
                "lower": [
                    2.0,
                    0.271245,
                    38.3824,
                    259.97
                ]
            }
        ],
        "dof=3": [
            {
                "mesh_size": [
                    208,
                    208,
                    208
                ],
                "lower": [
                    3.0,
                    0.365271,
                    27.8935,
                    182.143
                ]
            }
        ],
        "dof=4": [
            {
                "mesh_size": [
                    160,
                    160,
                    160
                ],
                "lower": [
                    4.0,
                    0.223948,
                    36.2507,
                    232.136
                ]
            }
        ],
        "dof=6": [
            {
                "mesh_size": [
                    128,
                    128,
                    128
                ],
                "lower": [
                    6.0,
                    0.23426,
                    39.2947,
                    246.511
                ]
            }
        ],
        "dof=8": [
            {
                "mesh_size": [
                    96,
                    96,
                    96
                ],
                "lower": [
                    8.0,
                    0.121318,
                    56.2997,
                    349.466
                ]
            }
        ]
    },
    "stencilbox,width=0": {
        "dof=1": [
            {
                "mesh_size": [
                    336,
                    336,
                    336
                ],
                "lower": [
                    1.0,
                    0.305524,
                    34.5649,
                    232.221
                ]
            }
        ],
        "dof=2": [
            {
                "mesh_size": [
                    208,
                    208,
                    208
                ],
                "lower": [
                    2.0,
                    0.281321,
                    34.216,
                    218.091
                ]
            }
        ],
        "dof=3": [
            {
                "mesh_size": [
                    160,
                    160,
                    160
                ],
                "lower": [
                    3.0,
                    0.242414,
                    40.041,
                    250.384
                ]
            }
        ],
        "dof=4": [
            {
                "mesh_size": [
                    128,
                    128,
                    128
                ],
                "lower": [
                    4.0,
                    0.132364,
                    66.1139,
                    409.359
                ]
            }
        ],
        "dof=6": [
            {
                "mesh_size": [
                    96,
                    96,
                    96
                ],
                "lower": [
                    6.0,
                    0.075523,
                    108.7,
                    666.26
                ]
            }
        ],
        "dof=8": [
            {
                "mesh_size": [
                    80,
                    80,
                    80
                ],
                "lower": [
                    8.0,
                    0.067382,
                    124.399,
                    758.552
                ]
            }
        ]
    },
    "stencilstarfill1,width=0": {
        "dof=1": [
            {
                "mesh_size": [
                    400,
                    400,
                    400
                ],
                "lower": [
                    1.0,
                    0.355235,
                    25.1417,
                    186.883
                ]
            }
        ],
        "dof=2": [
            {
                "mesh_size": [
                    272,
                    272,
                    272
                ],
                "lower": [
                    2.0,
                    0.283862,
                    36.6766,
                    248.417
                ]
            }
        ],
        "dof=3": [
            {
                "mesh_size": [
                    208,
                    208,
                    208
                ],
                "lower": [
                    3.0,
                    0.3043,
                    33.4827,
                    218.64
                ]
            }
        ],
        "dof=4": [
            {
                "mesh_size": [
                    160,
                    160,
                    160
                ],
                "lower": [
                    4.0,
                    0.260883,
                    31.119,
                    199.275
                ]
            }
        ],
        "dof=6": [
            {
                "mesh_size": [
                    128,
                    128,
                    128
                ],
                "lower": [
                    6.0,
                    0.200391,
                    45.9375,
                    288.183
                ]
            }
        ],